exposure_id,experiment_name,user_id,variant,surface,exposed_at
1,checkout_progress_indicator,1,control,checkout,2026-03-12 21:17:00
2,checkout_progress_indicator,2,control,checkout,2026-03-03 09:31:00
3,checkout_progress_indicator,3,treatment,checkout,2026-03-09 21:27:00
4,checkout_progress_indicator,4,control,checkout,2026-03-08 02:17:00
5,checkout_progress_indicator,5,control,checkout,2026-03-09 13:36:00
6,checkout_progress_indicator,6,control,checkout,2026-03-02 13:52:00
7,checkout_progress_indicator,7,control,checkout,2026-03-07 12:45:00
8,checkout_progress_indicator,8,control,checkout,2026-03-09 18:21:00
9,checkout_progress_indicator,9,treatment,checkout,2026-03-05 18:33:00
10,checkout_progress_indicator,10,control,checkout,2026-03-13 05:57:00
11,checkout_progress_indicator,11,treatment,checkout,2026-03-08 09:55:00
12,checkout_progress_indicator,12,treatment,checkout,2026-03-06 01:48:00
13,checkout_progress_indicator,13,treatment,checkout,2026-03-01 10:21:00
14,checkout_progress_indicator,14,control,checkout,2026-03-03 08:36:00
15,checkout_progress_indicator,15,control,checkout,2026-03-07 16:08:00
16,checkout_progress_indicator,16,control,checkout,2026-03-06 14:24:00
17,checkout_progress_indicator,17,control,checkout,2026-03-13 04:49:00
18,checkout_progress_indicator,18,control,checkout,2026-03-12 00:05:00
19,checkout_progress_indicator,19,treatment,checkout,2026-03-03 05:24:00
20,checkout_progress_indicator,20,control,checkout,2026-03-09 06:44:00
21,checkout_progress_indicator,21,control,checkout,2026-03-07 08:40:00
22,checkout_progress_indicator,22,control,checkout,2026-03-02 09:59:00
23,checkout_progress_indicator,23,treatment,checkout,2026-03-10 07:44:00
24,checkout_progress_indicator,24,treatment,checkout,2026-03-08 12:29:00
25,checkout_progress_indicator,25,treatment,checkout,2026-03-02 05:23:00
26,checkout_progress_indicator,26,treatment,checkout,2026-03-07 13:16:00
27,checkout_progress_indicator,27,treatment,checkout,2026-03-11 05:50:00
28,checkout_progress_indicator,28,treatment,checkout,2026-03-05 13:54:00
29,checkout_progress_indicator,29,control,checkout,2026-03-05 23:54:00
30,checkout_progress_indicator,30,treatment,checkout,2026-03-02 13:00:00
31,checkout_progress_indicator,31,treatment,checkout,2026-03-03 20:39:00
32,checkout_progress_indicator,32,control,checkout,2026-03-14 17:39:00
33,checkout_progress_indicator,33,treatment,checkout,2026-03-09 16:35:00
34,checkout_progress_indicator,34,control,checkout,2026-03-03 11:09:00
35,checkout_progress_indicator,35,treatment,checkout,2026-03-07 18:12:00
36,checkout_progress_indicator,36,control,checkout,2026-03-03 16:45:00
37,checkout_progress_indicator,37,treatment,checkout,2026-03-07 04:45:00
38,checkout_progress_indicator,38,treatment,checkout,2026-03-03 00:54:00
39,checkout_progress_indicator,39,control,checkout,2026-03-09 15:55:00
40,checkout_progress_indicator,40,control,checkout,2026-03-08 23:35:00
41,checkout_progress_indicator,41,control,checkout,2026-03-09 20:50:00
42,checkout_progress_indicator,42,control,checkout,2026-03-07 05:04:00
43,checkout_progress_indicator,43,treatment,checkout,2026-03-05 00:05:00
44,checkout_progress_indicator,44,control,checkout,2026-03-04 11:51:00
45,checkout_progress_indicator,45,control,checkout,2026-03-04 00:17:00
46,checkout_progress_indicator,46,control,checkout,2026-03-07 00:17:00
47,checkout_progress_indicator,47,treatment,checkout,2026-03-07 07:41:00
48,checkout_progress_indicator,48,control,checkout,2026-03-10 10:18:00
49,checkout_progress_indicator,49,treatment,checkout,2026-03-01 17:37:00
50,checkout_progress_indicator,50,control,checkout,2026-03-04 22:39:00
51,checkout_progress_indicator,51,control,checkout,2026-03-12 22:28:00
52,checkout_progress_indicator,52,treatment,checkout,2026-03-13 19:31:00
53,checkout_progress_indicator,53,control,checkout,2026-03-14 00:47:00
54,checkout_progress_indicator,54,treatment,checkout,2026-03-05 06:55:00
55,checkout_progress_indicator,55,control,checkout,2026-03-02 22:04:00
56,checkout_progress_indicator,56,treatment,checkout,2026-03-03 18:35:00
57,checkout_progress_indicator,57,treatment,checkout,2026-03-02 20:18:00
58,checkout_progress_indicator,58,treatment,checkout,2026-03-14 08:44:00
59,checkout_progress_indicator,59,control,checkout,2026-03-13 08:49:00
60,checkout_progress_indicator,60,treatment,checkout,2026-03-12 08:20:00
61,checkout_progress_indicator,61,treatment,checkout,2026-03-11 05:12:00
62,checkout_progress_indicator,62,control,checkout,2026-03-05 19:17:00
63,checkout_progress_indicator,63,control,checkout,2026-03-07 15:49:00
64,checkout_progress_indicator,64,treatment,checkout,2026-03-12 18:43:00
65,checkout_progress_indicator,65,control,checkout,2026-03-12 09:37:00
66,checkout_progress_indicator,66,treatment,checkout,2026-03-08 06:19:00
67,checkout_progress_indicator,67,treatment,checkout,2026-03-12 17:25:00
68,checkout_progress_indicator,68,control,checkout,2026-03-05 20:30:00
69,checkout_progress_indicator,69,treatment,checkout,2026-03-06 18:56:00
70,checkout_progress_indicator,70,treatment,checkout,2026-03-12 18:06:00
71,checkout_progress_indicator,71,control,checkout,2026-03-06 06:28:00
72,checkout_progress_indicator,72,treatment,checkout,2026-03-11 12:43:00
73,checkout_progress_indicator,73,control,checkout,2026-03-07 08:18:00
74,checkout_progress_indicator,74,control,checkout,2026-03-05 04:05:00
75,checkout_progress_indicator,75,treatment,checkout,2026-03-04 01:31:00
76,checkout_progress_indicator,76,control,checkout,2026-03-09 11:50:00
77,checkout_progress_indicator,77,treatment,checkout,2026-03-07 17:09:00
78,checkout_progress_indicator,78,control,checkout,2026-03-06 04:06:00
79,checkout_progress_indicator,79,control,checkout,2026-03-11 09:42:00
80,checkout_progress_indicator,80,control,checkout,2026-03-01 00:21:00
81,checkout_progress_indicator,81,treatment,checkout,2026-03-02 06:58:00
82,checkout_progress_indicator,82,treatment,checkout,2026-03-14 11:10:00
83,checkout_progress_indicator,83,treatment,checkout,2026-03-10 06:56:00
84,checkout_progress_indicator,84,treatment,checkout,2026-03-08 16:40:00
85,checkout_progress_indicator,85,treatment,checkout,2026-03-01 04:57:00
86,checkout_progress_indicator,86,treatment,checkout,2026-03-09 09:04:00
87,checkout_progress_indicator,87,treatment,checkout,2026-03-07 02:05:00
88,checkout_progress_indicator,88,treatment,checkout,2026-03-09 09:33:00
89,checkout_progress_indicator,89,treatment,checkout,2026-03-01 13:46:00
90,checkout_progress_indicator,90,treatment,checkout,2026-03-08 17:00:00
91,checkout_progress_indicator,91,control,checkout,2026-03-09 02:09:00
92,checkout_progress_indicator,92,control,checkout,2026-03-05 01:27:00
93,checkout_progress_indicator,93,treatment,checkout,2026-03-01 18:18:00
94,checkout_progress_indicator,94,control,checkout,2026-03-14 14:26:00
95,checkout_progress_indicator,95,control,checkout,2026-03-10 22:21:00
96,checkout_progress_indicator,96,treatment,checkout,2026-03-09 16:52:00
97,checkout_progress_indicator,97,control,checkout,2026-03-11 17:44:00
98,checkout_progress_indicator,98,control,checkout,2026-03-10 09:25:00
99,checkout_progress_indicator,99,control,checkout,2026-03-02 21:09:00
100,checkout_progress_indicator,100,control,checkout,2026-03-07 08:48:00
101,checkout_progress_indicator,101,treatment,checkout,2026-03-13 10:35:00
102,checkout_progress_indicator,102,treatment,checkout,2026-03-05 00:43:00
103,checkout_progress_indicator,103,treatment,checkout,2026-03-14 14:39:00
104,checkout_progress_indicator,104,treatment,checkout,2026-03-01 21:37:00
105,checkout_progress_indicator,105,treatment,checkout,2026-03-05 15:07:00
106,checkout_progress_indicator,106,control,checkout,2026-03-05 21:40:00
107,checkout_progress_indicator,107,treatment,checkout,2026-03-09 15:27:00
108,checkout_progress_indicator,108,control,checkout,2026-03-03 11:10:00
109,checkout_progress_indicator,109,control,checkout,2026-03-04 04:59:00
110,checkout_progress_indicator,110,treatment,checkout,2026-03-10 06:27:00
111,checkout_progress_indicator,111,treatment,checkout,2026-03-04 23:38:00
112,checkout_progress_indicator,112,control,checkout,2026-03-13 07:20:00
113,checkout_progress_indicator,113,treatment,checkout,2026-03-13 04:23:00
114,checkout_progress_indicator,114,control,checkout,2026-03-05 05:43:00
115,checkout_progress_indicator,115,control,checkout,2026-03-08 20:08:00
116,checkout_progress_indicator,116,control,checkout,2026-03-05 15:50:00
117,checkout_progress_indicator,117,control,checkout,2026-03-05 19:52:00
118,checkout_progress_indicator,118,treatment,checkout,2026-03-10 09:14:00
119,checkout_progress_indicator,119,control,checkout,2026-03-05 02:29:00
120,checkout_progress_indicator,120,treatment,checkout,2026-03-03 02:09:00
121,checkout_progress_indicator,121,control,checkout,2026-03-04 15:03:00
122,checkout_progress_indicator,122,treatment,checkout,2026-03-14 00:17:00
123,checkout_progress_indicator,123,treatment,checkout,2026-03-04 15:07:00
124,checkout_progress_indicator,124,treatment,checkout,2026-03-06 02:15:00
125,checkout_progress_indicator,125,control,checkout,2026-03-09 19:16:00
126,checkout_progress_indicator,126,treatment,checkout,2026-03-02 10:00:00
127,checkout_progress_indicator,127,treatment,checkout,2026-03-04 18:12:00
128,checkout_progress_indicator,128,control,checkout,2026-03-03 10:41:00
129,checkout_progress_indicator,129,control,checkout,2026-03-13 22:35:00
130,checkout_progress_indicator,130,control,checkout,2026-03-14 01:24:00
131,checkout_progress_indicator,131,control,checkout,2026-03-11 13:55:00
132,checkout_progress_indicator,132,control,checkout,2026-03-04 11:01:00
133,checkout_progress_indicator,133,control,checkout,2026-03-09 15:06:00
134,checkout_progress_indicator,134,control,checkout,2026-03-10 06:31:00
135,checkout_progress_indicator,135,treatment,checkout,2026-03-13 04:06:00
136,checkout_progress_indicator,136,control,checkout,2026-03-03 04:28:00
137,checkout_progress_indicator,137,control,checkout,2026-03-11 07:22:00
138,checkout_progress_indicator,138,treatment,checkout,2026-03-03 17:13:00
139,checkout_progress_indicator,139,control,checkout,2026-03-08 23:04:00
140,checkout_progress_indicator,140,control,checkout,2026-03-13 07:25:00
141,checkout_progress_indicator,141,control,checkout,2026-03-01 20:51:00
142,checkout_progress_indicator,142,control,checkout,2026-03-03 01:44:00
143,checkout_progress_indicator,143,control,checkout,2026-03-12 09:12:00
144,checkout_progress_indicator,144,control,checkout,2026-03-01 06:18:00
145,checkout_progress_indicator,145,control,checkout,2026-03-10 14:12:00
146,checkout_progress_indicator,146,treatment,checkout,2026-03-08 00:24:00
147,checkout_progress_indicator,147,treatment,checkout,2026-03-05 20:27:00
148,checkout_progress_indicator,148,control,checkout,2026-03-13 01:52:00
149,checkout_progress_indicator,149,control,checkout,2026-03-12 21:15:00
150,checkout_progress_indicator,150,control,checkout,2026-03-05 13:31:00
151,checkout_progress_indicator,151,treatment,checkout,2026-03-01 01:29:00
152,checkout_progress_indicator,152,treatment,checkout,2026-03-02 19:03:00
153,checkout_progress_indicator,153,control,checkout,2026-03-02 12:04:00
154,checkout_progress_indicator,154,control,checkout,2026-03-14 18:01:00
155,checkout_progress_indicator,155,control,checkout,2026-03-09 08:33:00
156,checkout_progress_indicator,156,treatment,checkout,2026-03-10 11:23:00
157,checkout_progress_indicator,157,treatment,checkout,2026-03-04 05:35:00
158,checkout_progress_indicator,158,control,checkout,2026-03-12 21:49:00
159,checkout_progress_indicator,159,treatment,checkout,2026-03-11 02:49:00
160,checkout_progress_indicator,160,control,checkout,2026-03-11 12:43:00
161,checkout_progress_indicator,161,treatment,checkout,2026-03-07 13:19:00
162,checkout_progress_indicator,162,treatment,checkout,2026-03-10 18:36:00
163,checkout_progress_indicator,163,control,checkout,2026-03-08 14:48:00
164,checkout_progress_indicator,164,control,checkout,2026-03-06 09:12:00
165,checkout_progress_indicator,165,treatment,checkout,2026-03-09 07:44:00
166,checkout_progress_indicator,166,control,checkout,2026-03-05 12:58:00
167,checkout_progress_indicator,167,treatment,checkout,2026-03-14 08:09:00
168,checkout_progress_indicator,168,control,checkout,2026-03-11 00:53:00
169,checkout_progress_indicator,169,treatment,checkout,2026-03-11 08:17:00
170,checkout_progress_indicator,170,control,checkout,2026-03-11 00:48:00
171,checkout_progress_indicator,171,control,checkout,2026-03-07 06:38:00
172,checkout_progress_indicator,172,control,checkout,2026-03-14 07:23:00
173,checkout_progress_indicator,173,control,checkout,2026-03-03 21:50:00
174,checkout_progress_indicator,174,control,checkout,2026-03-08 23:04:00
175,checkout_progress_indicator,175,treatment,checkout,2026-03-01 23:19:00
176,checkout_progress_indicator,176,control,checkout,2026-03-05 02:59:00
177,checkout_progress_indicator,177,control,checkout,2026-03-09 01:02:00
178,checkout_progress_indicator,178,control,checkout,2026-03-07 20:28:00
179,checkout_progress_indicator,179,control,checkout,2026-03-14 04:13:00
180,checkout_progress_indicator,180,treatment,checkout,2026-03-09 14:12:00
181,checkout_progress_indicator,181,treatment,checkout,2026-03-06 18:15:00
182,checkout_progress_indicator,182,control,checkout,2026-03-06 23:22:00
183,checkout_progress_indicator,183,treatment,checkout,2026-03-09 13:29:00
184,checkout_progress_indicator,184,treatment,checkout,2026-03-12 01:49:00
185,checkout_progress_indicator,185,treatment,checkout,2026-03-04 20:54:00
186,checkout_progress_indicator,186,control,checkout,2026-03-09 04:25:00
187,checkout_progress_indicator,187,control,checkout,2026-03-09 01:06:00
188,checkout_progress_indicator,188,control,checkout,2026-03-01 03:10:00
189,checkout_progress_indicator,189,treatment,checkout,2026-03-13 18:41:00
190,checkout_progress_indicator,190,treatment,checkout,2026-03-08 23:27:00
191,checkout_progress_indicator,191,control,checkout,2026-03-04 09:20:00
192,checkout_progress_indicator,192,control,checkout,2026-03-09 20:53:00
193,checkout_progress_indicator,193,treatment,checkout,2026-03-10 11:44:00
194,checkout_progress_indicator,194,treatment,checkout,2026-03-13 19:31:00
195,checkout_progress_indicator,195,control,checkout,2026-03-01 11:26:00
196,checkout_progress_indicator,196,treatment,checkout,2026-03-06 19:00:00
197,checkout_progress_indicator,197,control,checkout,2026-03-03 12:31:00
198,checkout_progress_indicator,198,control,checkout,2026-03-09 01:01:00
199,checkout_progress_indicator,199,treatment,checkout,2026-03-08 00:32:00
200,checkout_progress_indicator,200,treatment,checkout,2026-03-07 15:35:00
201,checkout_progress_indicator,201,treatment,checkout,2026-03-14 17:57:00
202,checkout_progress_indicator,202,control,checkout,2026-03-08 10:38:00
203,checkout_progress_indicator,203,control,checkout,2026-03-06 18:06:00
204,checkout_progress_indicator,204,control,checkout,2026-03-01 22:36:00
205,checkout_progress_indicator,205,control,checkout,2026-03-05 01:18:00
206,checkout_progress_indicator,206,control,checkout,2026-03-13 13:29:00
207,checkout_progress_indicator,207,control,checkout,2026-03-07 07:45:00
208,checkout_progress_indicator,208,control,checkout,2026-03-13 17:53:00
209,checkout_progress_indicator,209,control,checkout,2026-03-08 10:57:00
210,checkout_progress_indicator,210,control,checkout,2026-03-08 16:08:00
211,checkout_progress_indicator,211,treatment,checkout,2026-03-07 00:26:00
212,checkout_progress_indicator,212,control,checkout,2026-03-08 19:00:00
213,checkout_progress_indicator,213,treatment,checkout,2026-03-01 22:24:00
214,checkout_progress_indicator,214,treatment,checkout,2026-03-01 19:20:00
215,checkout_progress_indicator,215,treatment,checkout,2026-03-07 15:51:00
216,checkout_progress_indicator,216,control,checkout,2026-03-09 08:54:00
217,checkout_progress_indicator,217,control,checkout,2026-03-08 17:05:00
218,checkout_progress_indicator,218,treatment,checkout,2026-03-07 00:11:00
219,checkout_progress_indicator,219,treatment,checkout,2026-03-05 02:47:00
220,checkout_progress_indicator,220,control,checkout,2026-03-10 22:14:00
221,checkout_progress_indicator,221,control,checkout,2026-03-09 11:10:00
222,checkout_progress_indicator,222,treatment,checkout,2026-03-01 15:50:00
223,checkout_progress_indicator,223,control,checkout,2026-03-07 08:00:00
224,checkout_progress_indicator,224,treatment,checkout,2026-03-10 22:51:00
225,checkout_progress_indicator,225,control,checkout,2026-03-11 23:28:00
226,checkout_progress_indicator,226,control,checkout,2026-03-05 00:23:00
227,checkout_progress_indicator,227,treatment,checkout,2026-03-13 22:47:00
228,checkout_progress_indicator,228,control,checkout,2026-03-10 02:58:00
229,checkout_progress_indicator,229,treatment,checkout,2026-03-07 03:03:00
230,checkout_progress_indicator,230,control,checkout,2026-03-09 18:42:00
231,checkout_progress_indicator,231,control,checkout,2026-03-13 04:49:00
232,checkout_progress_indicator,232,treatment,checkout,2026-03-04 04:13:00
233,checkout_progress_indicator,233,control,checkout,2026-03-03 02:31:00
234,checkout_progress_indicator,234,control,checkout,2026-03-07 03:59:00
235,checkout_progress_indicator,235,treatment,checkout,2026-03-02 04:11:00
236,checkout_progress_indicator,236,treatment,checkout,2026-03-12 16:46:00
237,checkout_progress_indicator,237,treatment,checkout,2026-03-14 14:04:00
238,checkout_progress_indicator,238,control,checkout,2026-03-09 11:28:00
239,checkout_progress_indicator,239,control,checkout,2026-03-14 17:13:00
240,checkout_progress_indicator,240,treatment,checkout,2026-03-01 23:05:00
241,checkout_progress_indicator,241,control,checkout,2026-03-09 20:32:00
242,checkout_progress_indicator,242,control,checkout,2026-03-07 04:49:00
243,checkout_progress_indicator,243,treatment,checkout,2026-03-04 21:11:00
244,checkout_progress_indicator,244,control,checkout,2026-03-05 08:45:00
245,checkout_progress_indicator,245,control,checkout,2026-03-08 15:10:00
246,checkout_progress_indicator,246,control,checkout,2026-03-09 23:35:00
247,checkout_progress_indicator,247,control,checkout,2026-03-03 07:06:00
248,checkout_progress_indicator,248,treatment,checkout,2026-03-09 14:29:00
249,checkout_progress_indicator,249,treatment,checkout,2026-03-13 23:19:00
250,checkout_progress_indicator,250,control,checkout,2026-03-01 03:29:00
251,checkout_progress_indicator,251,control,checkout,2026-03-13 07:07:00
252,checkout_progress_indicator,252,treatment,checkout,2026-03-09 12:11:00
253,checkout_progress_indicator,253,control,checkout,2026-03-05 18:59:00
254,checkout_progress_indicator,254,control,checkout,2026-03-11 06:54:00
255,checkout_progress_indicator,255,treatment,checkout,2026-03-09 15:34:00
256,checkout_progress_indicator,256,treatment,checkout,2026-03-11 18:17:00
257,checkout_progress_indicator,257,control,checkout,2026-03-02 03:18:00
258,checkout_progress_indicator,258,treatment,checkout,2026-03-01 19:48:00
259,checkout_progress_indicator,259,control,checkout,2026-03-09 23:43:00
260,checkout_progress_indicator,260,treatment,checkout,2026-03-05 06:01:00
261,checkout_progress_indicator,261,treatment,checkout,2026-03-04 08:03:00
262,checkout_progress_indicator,262,treatment,checkout,2026-03-06 21:32:00
263,checkout_progress_indicator,263,treatment,checkout,2026-03-11 03:40:00
264,checkout_progress_indicator,264,treatment,checkout,2026-03-03 12:24:00
265,checkout_progress_indicator,265,control,checkout,2026-03-14 14:59:00
266,checkout_progress_indicator,266,control,checkout,2026-03-06 21:21:00
267,checkout_progress_indicator,267,treatment,checkout,2026-03-03 02:35:00
268,checkout_progress_indicator,268,treatment,checkout,2026-03-01 23:53:00
269,checkout_progress_indicator,269,control,checkout,2026-03-13 00:02:00
270,checkout_progress_indicator,270,treatment,checkout,2026-03-02 14:02:00
271,checkout_progress_indicator,271,treatment,checkout,2026-03-06 20:46:00
272,checkout_progress_indicator,272,control,checkout,2026-03-10 08:40:00
273,checkout_progress_indicator,273,control,checkout,2026-03-08 04:24:00
274,checkout_progress_indicator,274,control,checkout,2026-03-04 16:13:00
275,checkout_progress_indicator,275,control,checkout,2026-03-02 12:15:00
276,checkout_progress_indicator,276,control,checkout,2026-03-10 23:01:00
277,checkout_progress_indicator,277,control,checkout,2026-03-07 20:44:00
278,checkout_progress_indicator,278,control,checkout,2026-03-01 16:09:00
279,checkout_progress_indicator,279,control,checkout,2026-03-03 12:52:00
280,checkout_progress_indicator,280,treatment,checkout,2026-03-08 21:04:00
281,checkout_progress_indicator,281,control,checkout,2026-03-03 08:34:00
282,checkout_progress_indicator,282,treatment,checkout,2026-03-06 11:31:00
283,checkout_progress_indicator,283,treatment,checkout,2026-03-02 17:50:00
284,checkout_progress_indicator,284,treatment,checkout,2026-03-12 03:46:00
285,checkout_progress_indicator,285,treatment,checkout,2026-03-09 19:49:00
286,checkout_progress_indicator,286,treatment,checkout,2026-03-11 23:24:00
287,checkout_progress_indicator,287,control,checkout,2026-03-01 17:37:00
288,checkout_progress_indicator,288,treatment,checkout,2026-03-06 06:11:00
289,checkout_progress_indicator,289,control,checkout,2026-03-04 17:55:00
290,checkout_progress_indicator,290,treatment,checkout,2026-03-09 17:13:00
291,checkout_progress_indicator,291,control,checkout,2026-03-12 12:01:00
292,checkout_progress_indicator,292,control,checkout,2026-03-04 04:27:00
293,checkout_progress_indicator,293,control,checkout,2026-03-11 18:37:00
294,checkout_progress_indicator,294,treatment,checkout,2026-03-09 03:01:00
295,checkout_progress_indicator,295,control,checkout,2026-03-12 12:53:00
296,checkout_progress_indicator,296,control,checkout,2026-03-02 03:18:00
297,checkout_progress_indicator,297,control,checkout,2026-03-14 20:56:00
298,checkout_progress_indicator,298,control,checkout,2026-03-07 02:01:00
299,checkout_progress_indicator,299,treatment,checkout,2026-03-04 22:06:00
300,checkout_progress_indicator,300,treatment,checkout,2026-03-03 13:23:00
301,checkout_progress_indicator,301,control,checkout,2026-03-14 18:55:00
302,checkout_progress_indicator,302,control,checkout,2026-03-13 08:48:00
303,checkout_progress_indicator,303,control,checkout,2026-03-02 20:04:00
304,checkout_progress_indicator,304,control,checkout,2026-03-07 05:29:00
305,checkout_progress_indicator,305,treatment,checkout,2026-03-11 06:28:00
306,checkout_progress_indicator,306,treatment,checkout,2026-03-09 06:29:00
307,checkout_progress_indicator,307,control,checkout,2026-03-03 15:30:00
308,checkout_progress_indicator,308,treatment,checkout,2026-03-06 01:05:00
309,checkout_progress_indicator,309,control,checkout,2026-03-06 03:41:00
310,checkout_progress_indicator,310,treatment,checkout,2026-03-05 01:01:00
311,checkout_progress_indicator,311,treatment,checkout,2026-03-14 10:47:00
312,checkout_progress_indicator,312,treatment,checkout,2026-03-03 20:10:00
313,checkout_progress_indicator,313,treatment,checkout,2026-03-10 21:25:00
314,checkout_progress_indicator,314,treatment,checkout,2026-03-13 18:23:00
315,checkout_progress_indicator,315,control,checkout,2026-03-12 03:03:00
316,checkout_progress_indicator,316,control,checkout,2026-03-12 04:37:00
317,checkout_progress_indicator,317,control,checkout,2026-03-03 05:21:00
318,checkout_progress_indicator,318,control,checkout,2026-03-02 20:46:00
319,checkout_progress_indicator,319,treatment,checkout,2026-03-11 23:03:00
320,checkout_progress_indicator,320,treatment,checkout,2026-03-11 10:53:00
321,checkout_progress_indicator,321,treatment,checkout,2026-03-11 09:16:00
322,checkout_progress_indicator,322,control,checkout,2026-03-06 20:37:00
323,checkout_progress_indicator,323,treatment,checkout,2026-03-08 07:52:00
324,checkout_progress_indicator,324,treatment,checkout,2026-03-01 05:10:00
325,checkout_progress_indicator,325,control,checkout,2026-03-05 01:47:00
326,checkout_progress_indicator,326,control,checkout,2026-03-08 09:31:00
327,checkout_progress_indicator,327,control,checkout,2026-03-02 18:14:00
328,checkout_progress_indicator,328,control,checkout,2026-03-02 19:41:00
329,checkout_progress_indicator,329,treatment,checkout,2026-03-01 15:11:00
330,checkout_progress_indicator,330,treatment,checkout,2026-03-03 22:32:00
331,checkout_progress_indicator,331,treatment,checkout,2026-03-14 21:36:00
332,checkout_progress_indicator,332,control,checkout,2026-03-10 17:52:00
333,checkout_progress_indicator,333,treatment,checkout,2026-03-14 06:36:00
334,checkout_progress_indicator,334,treatment,checkout,2026-03-04 14:23:00
335,checkout_progress_indicator,335,control,checkout,2026-03-09 09:12:00
336,checkout_progress_indicator,336,treatment,checkout,2026-03-13 11:40:00
337,checkout_progress_indicator,337,control,checkout,2026-03-05 22:16:00
338,checkout_progress_indicator,338,control,checkout,2026-03-10 04:48:00
339,checkout_progress_indicator,339,control,checkout,2026-03-10 16:47:00
340,checkout_progress_indicator,340,control,checkout,2026-03-12 15:38:00
341,checkout_progress_indicator,341,treatment,checkout,2026-03-14 13:44:00
342,checkout_progress_indicator,342,control,checkout,2026-03-09 14:42:00
343,checkout_progress_indicator,343,control,checkout,2026-03-09 03:43:00
344,checkout_progress_indicator,344,control,checkout,2026-03-13 03:56:00
345,checkout_progress_indicator,345,control,checkout,2026-03-10 13:59:00
346,checkout_progress_indicator,346,control,checkout,2026-03-06 01:31:00
347,checkout_progress_indicator,347,control,checkout,2026-03-09 19:43:00
348,checkout_progress_indicator,348,treatment,checkout,2026-03-08 16:30:00
349,checkout_progress_indicator,349,control,checkout,2026-03-04 04:51:00
350,checkout_progress_indicator,350,treatment,checkout,2026-03-08 05:20:00
351,checkout_progress_indicator,351,control,checkout,2026-03-09 17:31:00
352,checkout_progress_indicator,352,treatment,checkout,2026-03-13 15:40:00
353,checkout_progress_indicator,353,treatment,checkout,2026-03-09 03:02:00
354,checkout_progress_indicator,354,control,checkout,2026-03-03 07:24:00
355,checkout_progress_indicator,355,control,checkout,2026-03-14 19:50:00
356,checkout_progress_indicator,356,treatment,checkout,2026-03-09 02:13:00
357,checkout_progress_indicator,357,control,checkout,2026-03-05 00:28:00
358,checkout_progress_indicator,358,treatment,checkout,2026-03-11 13:29:00
359,checkout_progress_indicator,359,control,checkout,2026-03-06 09:15:00
360,checkout_progress_indicator,360,control,checkout,2026-03-06 04:20:00
361,checkout_progress_indicator,361,treatment,checkout,2026-03-12 18:03:00
362,checkout_progress_indicator,362,treatment,checkout,2026-03-13 03:30:00
363,checkout_progress_indicator,363,control,checkout,2026-03-08 08:02:00
364,checkout_progress_indicator,364,treatment,checkout,2026-03-06 05:19:00
365,checkout_progress_indicator,365,treatment,checkout,2026-03-13 02:03:00
366,checkout_progress_indicator,366,control,checkout,2026-03-03 10:13:00
367,checkout_progress_indicator,367,control,checkout,2026-03-11 11:03:00
368,checkout_progress_indicator,368,control,checkout,2026-03-09 04:14:00
369,checkout_progress_indicator,369,control,checkout,2026-03-12 22:57:00
370,checkout_progress_indicator,370,treatment,checkout,2026-03-06 21:18:00
371,checkout_progress_indicator,371,control,checkout,2026-03-12 15:33:00
372,checkout_progress_indicator,372,control,checkout,2026-03-01 05:06:00
373,checkout_progress_indicator,373,treatment,checkout,2026-03-11 14:46:00
374,checkout_progress_indicator,374,treatment,checkout,2026-03-01 23:27:00
375,checkout_progress_indicator,375,treatment,checkout,2026-03-09 23:50:00
376,checkout_progress_indicator,376,treatment,checkout,2026-03-03 17:36:00
377,checkout_progress_indicator,377,control,checkout,2026-03-14 11:43:00
378,checkout_progress_indicator,378,treatment,checkout,2026-03-11 18:29:00
379,checkout_progress_indicator,379,control,checkout,2026-03-02 11:09:00
380,checkout_progress_indicator,380,control,checkout,2026-03-13 11:43:00
381,checkout_progress_indicator,381,control,checkout,2026-03-04 12:39:00
382,checkout_progress_indicator,382,treatment,checkout,2026-03-08 15:20:00
383,checkout_progress_indicator,383,treatment,checkout,2026-03-02 04:39:00
384,checkout_progress_indicator,384,control,checkout,2026-03-02 11:28:00
385,checkout_progress_indicator,385,treatment,checkout,2026-03-04 09:04:00
386,checkout_progress_indicator,386,treatment,checkout,2026-03-08 11:33:00
387,checkout_progress_indicator,387,control,checkout,2026-03-08 14:24:00
388,checkout_progress_indicator,388,treatment,checkout,2026-03-12 23:29:00
389,checkout_progress_indicator,389,control,checkout,2026-03-03 07:29:00
390,checkout_progress_indicator,390,treatment,checkout,2026-03-11 11:49:00
391,checkout_progress_indicator,391,control,checkout,2026-03-01 01:58:00
392,checkout_progress_indicator,392,control,checkout,2026-03-05 01:48:00
393,checkout_progress_indicator,393,control,checkout,2026-03-03 10:48:00
394,checkout_progress_indicator,394,control,checkout,2026-03-02 17:37:00
395,checkout_progress_indicator,395,treatment,checkout,2026-03-09 04:24:00
396,checkout_progress_indicator,396,control,checkout,2026-03-13 14:37:00
397,checkout_progress_indicator,397,control,checkout,2026-03-10 08:06:00
398,checkout_progress_indicator,398,treatment,checkout,2026-03-12 22:58:00
399,checkout_progress_indicator,399,treatment,checkout,2026-03-09 06:43:00
400,checkout_progress_indicator,400,treatment,checkout,2026-03-01 18:02:00
401,checkout_progress_indicator,401,control,checkout,2026-03-05 20:15:00
402,checkout_progress_indicator,402,control,checkout,2026-03-12 12:45:00
403,checkout_progress_indicator,403,control,checkout,2026-03-01 14:51:00
404,checkout_progress_indicator,404,treatment,checkout,2026-03-02 08:39:00
405,checkout_progress_indicator,405,treatment,checkout,2026-03-12 16:09:00
406,checkout_progress_indicator,406,treatment,checkout,2026-03-01 21:15:00
407,checkout_progress_indicator,407,treatment,checkout,2026-03-14 10:22:00
408,checkout_progress_indicator,408,control,checkout,2026-03-11 14:53:00
409,checkout_progress_indicator,409,treatment,checkout,2026-03-10 07:28:00
410,checkout_progress_indicator,410,control,checkout,2026-03-08 12:12:00
411,checkout_progress_indicator,411,control,checkout,2026-03-02 06:01:00
412,checkout_progress_indicator,412,control,checkout,2026-03-06 19:17:00
413,checkout_progress_indicator,413,control,checkout,2026-03-12 07:24:00
414,checkout_progress_indicator,414,treatment,checkout,2026-03-13 15:41:00
415,checkout_progress_indicator,415,control,checkout,2026-03-07 06:11:00
416,checkout_progress_indicator,416,treatment,checkout,2026-03-12 18:00:00
417,checkout_progress_indicator,417,treatment,checkout,2026-03-11 20:56:00
418,checkout_progress_indicator,418,treatment,checkout,2026-03-01 19:21:00
419,checkout_progress_indicator,419,treatment,checkout,2026-03-09 16:22:00
420,checkout_progress_indicator,420,control,checkout,2026-03-09 15:00:00
421,checkout_progress_indicator,421,control,checkout,2026-03-08 14:24:00
422,checkout_progress_indicator,422,control,checkout,2026-03-11 19:28:00
423,checkout_progress_indicator,423,control,checkout,2026-03-13 10:52:00
424,checkout_progress_indicator,424,treatment,checkout,2026-03-08 16:57:00
425,checkout_progress_indicator,425,control,checkout,2026-03-05 11:39:00
426,checkout_progress_indicator,426,control,checkout,2026-03-14 18:17:00
427,checkout_progress_indicator,427,control,checkout,2026-03-14 11:46:00
428,checkout_progress_indicator,428,control,checkout,2026-03-10 14:30:00
429,checkout_progress_indicator,429,treatment,checkout,2026-03-09 23:15:00
430,checkout_progress_indicator,430,control,checkout,2026-03-02 10:59:00
431,checkout_progress_indicator,431,treatment,checkout,2026-03-06 14:56:00
432,checkout_progress_indicator,432,treatment,checkout,2026-03-03 18:37:00
433,checkout_progress_indicator,433,treatment,checkout,2026-03-08 05:00:00
434,checkout_progress_indicator,434,control,checkout,2026-03-12 13:37:00
435,checkout_progress_indicator,435,treatment,checkout,2026-03-04 03:26:00
436,checkout_progress_indicator,436,control,checkout,2026-03-14 22:54:00
437,checkout_progress_indicator,437,control,checkout,2026-03-02 19:31:00
438,checkout_progress_indicator,438,treatment,checkout,2026-03-02 09:02:00
439,checkout_progress_indicator,439,treatment,checkout,2026-03-14 15:25:00
440,checkout_progress_indicator,440,control,checkout,2026-03-02 09:42:00
441,checkout_progress_indicator,441,treatment,checkout,2026-03-11 07:01:00
442,checkout_progress_indicator,442,control,checkout,2026-03-11 16:29:00
443,checkout_progress_indicator,443,treatment,checkout,2026-03-05 14:54:00
444,checkout_progress_indicator,444,treatment,checkout,2026-03-01 21:37:00
445,checkout_progress_indicator,445,treatment,checkout,2026-03-05 07:39:00
446,checkout_progress_indicator,446,treatment,checkout,2026-03-01 23:02:00
447,checkout_progress_indicator,447,treatment,checkout,2026-03-10 09:52:00
448,checkout_progress_indicator,448,treatment,checkout,2026-03-13 10:38:00
449,checkout_progress_indicator,449,treatment,checkout,2026-03-14 23:01:00
450,checkout_progress_indicator,450,treatment,checkout,2026-03-12 04:57:00
451,checkout_progress_indicator,451,control,checkout,2026-03-11 20:16:00
452,checkout_progress_indicator,452,treatment,checkout,2026-03-13 08:12:00
453,checkout_progress_indicator,453,control,checkout,2026-03-11 18:40:00
454,checkout_progress_indicator,454,treatment,checkout,2026-03-10 02:34:00
455,checkout_progress_indicator,455,control,checkout,2026-03-14 22:44:00
456,checkout_progress_indicator,456,control,checkout,2026-03-05 12:22:00
457,checkout_progress_indicator,457,treatment,checkout,2026-03-06 18:41:00
458,checkout_progress_indicator,458,control,checkout,2026-03-13 16:31:00
459,checkout_progress_indicator,459,control,checkout,2026-03-05 08:30:00
460,checkout_progress_indicator,460,treatment,checkout,2026-03-05 04:22:00
461,checkout_progress_indicator,461,control,checkout,2026-03-03 03:06:00
462,checkout_progress_indicator,462,control,checkout,2026-03-04 20:34:00
463,checkout_progress_indicator,463,control,checkout,2026-03-09 07:27:00
464,checkout_progress_indicator,464,control,checkout,2026-03-13 09:49:00
465,checkout_progress_indicator,465,control,checkout,2026-03-02 21:47:00
466,checkout_progress_indicator,466,control,checkout,2026-03-10 12:45:00
467,checkout_progress_indicator,467,control,checkout,2026-03-11 17:29:00
468,checkout_progress_indicator,468,control,checkout,2026-03-13 12:56:00
469,checkout_progress_indicator,469,control,checkout,2026-03-11 12:00:00
470,checkout_progress_indicator,470,treatment,checkout,2026-03-03 04:22:00
471,checkout_progress_indicator,471,treatment,checkout,2026-03-07 20:16:00
472,checkout_progress_indicator,472,control,checkout,2026-03-14 07:58:00
473,checkout_progress_indicator,473,control,checkout,2026-03-13 17:13:00
474,checkout_progress_indicator,474,treatment,checkout,2026-03-09 13:52:00
475,checkout_progress_indicator,475,treatment,checkout,2026-03-14 11:37:00
476,checkout_progress_indicator,476,control,checkout,2026-03-10 08:27:00
477,checkout_progress_indicator,477,control,checkout,2026-03-01 21:48:00
478,checkout_progress_indicator,478,control,checkout,2026-03-13 19:07:00
479,checkout_progress_indicator,479,treatment,checkout,2026-03-03 08:29:00
480,checkout_progress_indicator,480,treatment,checkout,2026-03-06 07:55:00
481,checkout_progress_indicator,481,treatment,checkout,2026-03-04 08:00:00
482,checkout_progress_indicator,482,control,checkout,2026-03-11 01:46:00
483,checkout_progress_indicator,483,control,checkout,2026-03-01 10:04:00
484,checkout_progress_indicator,484,control,checkout,2026-03-09 23:09:00
485,checkout_progress_indicator,485,control,checkout,2026-03-13 02:25:00
486,checkout_progress_indicator,486,control,checkout,2026-03-12 00:41:00
487,checkout_progress_indicator,487,treatment,checkout,2026-03-05 07:08:00
488,checkout_progress_indicator,488,control,checkout,2026-03-13 13:22:00
489,checkout_progress_indicator,489,treatment,checkout,2026-03-06 01:38:00
490,checkout_progress_indicator,490,control,checkout,2026-03-10 12:30:00
491,checkout_progress_indicator,491,control,checkout,2026-03-08 02:14:00
492,checkout_progress_indicator,492,treatment,checkout,2026-03-01 22:43:00
493,checkout_progress_indicator,493,treatment,checkout,2026-03-01 00:59:00
494,checkout_progress_indicator,494,control,checkout,2026-03-03 13:32:00
495,checkout_progress_indicator,495,treatment,checkout,2026-03-14 02:02:00
496,checkout_progress_indicator,496,control,checkout,2026-03-14 08:32:00
497,checkout_progress_indicator,497,control,checkout,2026-03-06 17:47:00
498,checkout_progress_indicator,498,control,checkout,2026-03-14 13:27:00
499,checkout_progress_indicator,499,control,checkout,2026-03-01 16:37:00
500,checkout_progress_indicator,500,treatment,checkout,2026-03-14 13:03:00
501,checkout_progress_indicator,501,control,checkout,2026-03-04 05:35:00
502,checkout_progress_indicator,502,treatment,checkout,2026-03-01 12:21:00
503,checkout_progress_indicator,503,treatment,checkout,2026-03-11 14:38:00
504,checkout_progress_indicator,504,control,checkout,2026-03-06 08:30:00
505,checkout_progress_indicator,505,control,checkout,2026-03-05 02:13:00
506,checkout_progress_indicator,506,control,checkout,2026-03-11 15:15:00
507,checkout_progress_indicator,507,treatment,checkout,2026-03-05 15:54:00
508,checkout_progress_indicator,508,treatment,checkout,2026-03-11 12:58:00
509,checkout_progress_indicator,509,treatment,checkout,2026-03-03 17:36:00
510,checkout_progress_indicator,510,control,checkout,2026-03-02 04:51:00
511,checkout_progress_indicator,511,control,checkout,2026-03-05 13:10:00
512,checkout_progress_indicator,512,treatment,checkout,2026-03-09 12:47:00
513,checkout_progress_indicator,513,control,checkout,2026-03-04 03:35:00
514,checkout_progress_indicator,514,treatment,checkout,2026-03-03 00:00:00
515,checkout_progress_indicator,515,control,checkout,2026-03-11 11:42:00
516,checkout_progress_indicator,516,control,checkout,2026-03-07 21:43:00
517,checkout_progress_indicator,517,treatment,checkout,2026-03-07 00:58:00
518,checkout_progress_indicator,518,control,checkout,2026-03-04 08:32:00
519,checkout_progress_indicator,519,treatment,checkout,2026-03-01 05:56:00
520,checkout_progress_indicator,520,control,checkout,2026-03-01 17:51:00
521,checkout_progress_indicator,521,treatment,checkout,2026-03-10 12:58:00
522,checkout_progress_indicator,522,treatment,checkout,2026-03-02 02:53:00
523,checkout_progress_indicator,523,treatment,checkout,2026-03-04 10:58:00
524,checkout_progress_indicator,524,treatment,checkout,2026-03-13 18:03:00
525,checkout_progress_indicator,525,treatment,checkout,2026-03-05 19:34:00
526,checkout_progress_indicator,526,treatment,checkout,2026-03-11 10:12:00
527,checkout_progress_indicator,527,control,checkout,2026-03-05 19:21:00
528,checkout_progress_indicator,528,control,checkout,2026-03-14 01:05:00
529,checkout_progress_indicator,529,treatment,checkout,2026-03-12 12:08:00
530,checkout_progress_indicator,530,control,checkout,2026-03-07 13:54:00
531,checkout_progress_indicator,531,control,checkout,2026-03-10 13:57:00
532,checkout_progress_indicator,532,treatment,checkout,2026-03-06 18:51:00
533,checkout_progress_indicator,533,control,checkout,2026-03-14 05:19:00
534,checkout_progress_indicator,534,treatment,checkout,2026-03-06 00:25:00
535,checkout_progress_indicator,535,treatment,checkout,2026-03-12 17:02:00
536,checkout_progress_indicator,536,control,checkout,2026-03-09 15:04:00
537,checkout_progress_indicator,537,treatment,checkout,2026-03-10 00:16:00
538,checkout_progress_indicator,538,control,checkout,2026-03-05 22:07:00
539,checkout_progress_indicator,539,treatment,checkout,2026-03-12 15:50:00
540,checkout_progress_indicator,540,treatment,checkout,2026-03-11 10:44:00
541,checkout_progress_indicator,541,control,checkout,2026-03-12 09:56:00
542,checkout_progress_indicator,542,control,checkout,2026-03-12 05:14:00
543,checkout_progress_indicator,543,control,checkout,2026-03-03 04:57:00
544,checkout_progress_indicator,544,control,checkout,2026-03-13 06:17:00
545,checkout_progress_indicator,545,control,checkout,2026-03-12 18:51:00
546,checkout_progress_indicator,546,treatment,checkout,2026-03-04 09:34:00
547,checkout_progress_indicator,547,control,checkout,2026-03-14 17:50:00
548,checkout_progress_indicator,548,treatment,checkout,2026-03-08 09:04:00
549,checkout_progress_indicator,549,control,checkout,2026-03-05 12:09:00
550,checkout_progress_indicator,550,treatment,checkout,2026-03-04 03:04:00
551,checkout_progress_indicator,551,control,checkout,2026-03-06 02:32:00
552,checkout_progress_indicator,552,control,checkout,2026-03-01 12:37:00
553,checkout_progress_indicator,553,treatment,checkout,2026-03-10 16:04:00
554,checkout_progress_indicator,554,control,checkout,2026-03-10 21:49:00
555,checkout_progress_indicator,555,treatment,checkout,2026-03-10 08:22:00
556,checkout_progress_indicator,556,control,checkout,2026-03-08 16:27:00
557,checkout_progress_indicator,557,treatment,checkout,2026-03-06 01:52:00
558,checkout_progress_indicator,558,treatment,checkout,2026-03-11 03:14:00
559,checkout_progress_indicator,559,treatment,checkout,2026-03-13 04:47:00
560,checkout_progress_indicator,560,control,checkout,2026-03-02 05:26:00
561,checkout_progress_indicator,561,control,checkout,2026-03-06 08:38:00
562,checkout_progress_indicator,562,control,checkout,2026-03-14 22:29:00
563,checkout_progress_indicator,563,control,checkout,2026-03-13 01:37:00
564,checkout_progress_indicator,564,control,checkout,2026-03-14 22:06:00
565,checkout_progress_indicator,565,treatment,checkout,2026-03-03 13:35:00
566,checkout_progress_indicator,566,treatment,checkout,2026-03-07 12:14:00
567,checkout_progress_indicator,567,treatment,checkout,2026-03-02 19:47:00
568,checkout_progress_indicator,568,control,checkout,2026-03-13 02:59:00
569,checkout_progress_indicator,569,control,checkout,2026-03-08 06:19:00
570,checkout_progress_indicator,570,treatment,checkout,2026-03-04 09:50:00
571,checkout_progress_indicator,571,control,checkout,2026-03-02 06:20:00
572,checkout_progress_indicator,572,control,checkout,2026-03-11 07:49:00
573,checkout_progress_indicator,573,control,checkout,2026-03-12 08:46:00
574,checkout_progress_indicator,574,treatment,checkout,2026-03-13 07:25:00
575,checkout_progress_indicator,575,treatment,checkout,2026-03-14 14:22:00
576,checkout_progress_indicator,576,control,checkout,2026-03-12 09:43:00
577,checkout_progress_indicator,577,control,checkout,2026-03-12 00:12:00
578,checkout_progress_indicator,578,control,checkout,2026-03-12 08:45:00
579,checkout_progress_indicator,579,control,checkout,2026-03-14 23:33:00
580,checkout_progress_indicator,580,treatment,checkout,2026-03-07 11:34:00
581,checkout_progress_indicator,581,control,checkout,2026-03-11 14:52:00
582,checkout_progress_indicator,582,treatment,checkout,2026-03-12 11:30:00
583,checkout_progress_indicator,583,control,checkout,2026-03-02 15:04:00
584,checkout_progress_indicator,584,control,checkout,2026-03-10 16:04:00
585,checkout_progress_indicator,585,treatment,checkout,2026-03-05 17:50:00
586,checkout_progress_indicator,586,control,checkout,2026-03-02 20:30:00
587,checkout_progress_indicator,587,treatment,checkout,2026-03-03 09:14:00
588,checkout_progress_indicator,588,control,checkout,2026-03-02 14:21:00
589,checkout_progress_indicator,589,treatment,checkout,2026-03-13 13:38:00
590,checkout_progress_indicator,590,control,checkout,2026-03-11 19:21:00
591,checkout_progress_indicator,591,control,checkout,2026-03-02 10:19:00
592,checkout_progress_indicator,592,treatment,checkout,2026-03-09 18:09:00
593,checkout_progress_indicator,593,control,checkout,2026-03-10 05:54:00
594,checkout_progress_indicator,594,control,checkout,2026-03-08 06:30:00
595,checkout_progress_indicator,595,treatment,checkout,2026-03-09 11:39:00
596,checkout_progress_indicator,596,treatment,checkout,2026-03-13 16:50:00
597,checkout_progress_indicator,597,treatment,checkout,2026-03-08 06:20:00
598,checkout_progress_indicator,598,treatment,checkout,2026-03-10 05:37:00
599,checkout_progress_indicator,599,treatment,checkout,2026-03-08 23:53:00
600,checkout_progress_indicator,600,treatment,checkout,2026-03-06 13:06:00
601,checkout_progress_indicator,601,treatment,checkout,2026-03-13 11:19:00
602,checkout_progress_indicator,602,control,checkout,2026-03-06 19:04:00
603,checkout_progress_indicator,603,control,checkout,2026-03-12 04:47:00
604,checkout_progress_indicator,604,treatment,checkout,2026-03-09 11:21:00
605,checkout_progress_indicator,605,treatment,checkout,2026-03-10 14:08:00
606,checkout_progress_indicator,606,control,checkout,2026-03-11 15:27:00
607,checkout_progress_indicator,607,control,checkout,2026-03-11 07:16:00
608,checkout_progress_indicator,608,control,checkout,2026-03-08 21:37:00
609,checkout_progress_indicator,609,treatment,checkout,2026-03-09 14:48:00
610,checkout_progress_indicator,610,treatment,checkout,2026-03-08 02:56:00
611,checkout_progress_indicator,611,control,checkout,2026-03-05 17:56:00
612,checkout_progress_indicator,612,treatment,checkout,2026-03-11 04:14:00
613,checkout_progress_indicator,613,treatment,checkout,2026-03-13 07:18:00
614,checkout_progress_indicator,614,treatment,checkout,2026-03-10 20:58:00
615,checkout_progress_indicator,615,control,checkout,2026-03-11 19:26:00
616,checkout_progress_indicator,616,treatment,checkout,2026-03-12 14:59:00
617,checkout_progress_indicator,617,treatment,checkout,2026-03-06 03:25:00
618,checkout_progress_indicator,618,treatment,checkout,2026-03-01 21:01:00
619,checkout_progress_indicator,619,control,checkout,2026-03-05 17:25:00
620,checkout_progress_indicator,620,treatment,checkout,2026-03-11 13:39:00
621,checkout_progress_indicator,621,treatment,checkout,2026-03-12 10:04:00
622,checkout_progress_indicator,622,control,checkout,2026-03-08 04:37:00
623,checkout_progress_indicator,623,control,checkout,2026-03-11 21:36:00
624,checkout_progress_indicator,624,treatment,checkout,2026-03-02 01:05:00
625,checkout_progress_indicator,625,treatment,checkout,2026-03-10 00:25:00
626,checkout_progress_indicator,626,control,checkout,2026-03-10 12:08:00
627,checkout_progress_indicator,627,control,checkout,2026-03-08 02:38:00
628,checkout_progress_indicator,628,control,checkout,2026-03-11 00:45:00
629,checkout_progress_indicator,629,treatment,checkout,2026-03-07 21:07:00
630,checkout_progress_indicator,630,treatment,checkout,2026-03-08 07:56:00
631,checkout_progress_indicator,631,control,checkout,2026-03-09 10:55:00
632,checkout_progress_indicator,632,control,checkout,2026-03-12 02:42:00
633,checkout_progress_indicator,633,control,checkout,2026-03-04 11:33:00
634,checkout_progress_indicator,634,control,checkout,2026-03-05 04:53:00
635,checkout_progress_indicator,635,treatment,checkout,2026-03-06 20:43:00
636,checkout_progress_indicator,636,control,checkout,2026-03-03 19:50:00
637,checkout_progress_indicator,637,control,checkout,2026-03-05 16:17:00
638,checkout_progress_indicator,638,control,checkout,2026-03-05 21:50:00
639,checkout_progress_indicator,639,control,checkout,2026-03-05 09:35:00
640,checkout_progress_indicator,640,treatment,checkout,2026-03-06 17:46:00
641,checkout_progress_indicator,641,treatment,checkout,2026-03-08 01:36:00
642,checkout_progress_indicator,642,treatment,checkout,2026-03-10 17:50:00
643,checkout_progress_indicator,643,control,checkout,2026-03-05 05:47:00
644,checkout_progress_indicator,644,treatment,checkout,2026-03-12 20:05:00
645,checkout_progress_indicator,645,control,checkout,2026-03-07 17:05:00
646,checkout_progress_indicator,646,treatment,checkout,2026-03-11 02:13:00
647,checkout_progress_indicator,647,treatment,checkout,2026-03-02 14:34:00
648,checkout_progress_indicator,648,control,checkout,2026-03-03 10:27:00
649,checkout_progress_indicator,649,treatment,checkout,2026-03-07 08:23:00
650,checkout_progress_indicator,650,control,checkout,2026-03-06 03:02:00
651,checkout_progress_indicator,651,treatment,checkout,2026-03-07 22:41:00
652,checkout_progress_indicator,652,control,checkout,2026-03-03 05:13:00
653,checkout_progress_indicator,653,control,checkout,2026-03-07 15:07:00
654,checkout_progress_indicator,654,control,checkout,2026-03-10 14:44:00
655,checkout_progress_indicator,655,control,checkout,2026-03-11 04:45:00
656,checkout_progress_indicator,656,control,checkout,2026-03-04 11:23:00
657,checkout_progress_indicator,657,control,checkout,2026-03-05 19:43:00
658,checkout_progress_indicator,658,treatment,checkout,2026-03-08 08:31:00
659,checkout_progress_indicator,659,control,checkout,2026-03-08 06:02:00
660,checkout_progress_indicator,660,control,checkout,2026-03-12 02:03:00
661,checkout_progress_indicator,661,treatment,checkout,2026-03-06 11:08:00
662,checkout_progress_indicator,662,treatment,checkout,2026-03-10 09:26:00
663,checkout_progress_indicator,663,control,checkout,2026-03-13 08:56:00
664,checkout_progress_indicator,664,control,checkout,2026-03-05 04:15:00
665,checkout_progress_indicator,665,treatment,checkout,2026-03-12 12:31:00
666,checkout_progress_indicator,666,treatment,checkout,2026-03-05 15:50:00
667,checkout_progress_indicator,667,control,checkout,2026-03-05 16:21:00
668,checkout_progress_indicator,668,treatment,checkout,2026-03-10 03:31:00
669,checkout_progress_indicator,669,control,checkout,2026-03-09 16:55:00
670,checkout_progress_indicator,670,control,checkout,2026-03-08 16:37:00
671,checkout_progress_indicator,671,treatment,checkout,2026-03-04 05:41:00
672,checkout_progress_indicator,672,treatment,checkout,2026-03-02 08:23:00
673,checkout_progress_indicator,673,treatment,checkout,2026-03-13 17:24:00
674,checkout_progress_indicator,674,control,checkout,2026-03-13 05:39:00
675,checkout_progress_indicator,675,control,checkout,2026-03-13 09:55:00
676,checkout_progress_indicator,676,control,checkout,2026-03-08 04:14:00
677,checkout_progress_indicator,677,control,checkout,2026-03-13 09:12:00
678,checkout_progress_indicator,678,control,checkout,2026-03-07 15:02:00
679,checkout_progress_indicator,679,treatment,checkout,2026-03-02 01:22:00
680,checkout_progress_indicator,680,treatment,checkout,2026-03-03 18:40:00
681,checkout_progress_indicator,681,treatment,checkout,2026-03-04 19:35:00
682,checkout_progress_indicator,682,control,checkout,2026-03-06 06:40:00
683,checkout_progress_indicator,683,control,checkout,2026-03-14 03:31:00
684,checkout_progress_indicator,684,treatment,checkout,2026-03-05 15:49:00
685,checkout_progress_indicator,685,control,checkout,2026-03-09 13:50:00
686,checkout_progress_indicator,686,treatment,checkout,2026-03-04 18:58:00
687,checkout_progress_indicator,687,control,checkout,2026-03-10 00:08:00
688,checkout_progress_indicator,688,treatment,checkout,2026-03-08 22:38:00
689,checkout_progress_indicator,689,treatment,checkout,2026-03-03 02:32:00
690,checkout_progress_indicator,690,treatment,checkout,2026-03-07 11:19:00
691,checkout_progress_indicator,691,treatment,checkout,2026-03-02 11:24:00
692,checkout_progress_indicator,692,treatment,checkout,2026-03-13 10:46:00
693,checkout_progress_indicator,693,control,checkout,2026-03-10 20:35:00
694,checkout_progress_indicator,694,treatment,checkout,2026-03-14 04:17:00
695,checkout_progress_indicator,695,treatment,checkout,2026-03-13 06:12:00
696,checkout_progress_indicator,696,treatment,checkout,2026-03-04 01:44:00
697,checkout_progress_indicator,697,control,checkout,2026-03-10 21:37:00
698,checkout_progress_indicator,698,control,checkout,2026-03-02 09:38:00
699,checkout_progress_indicator,699,treatment,checkout,2026-03-14 10:45:00
700,checkout_progress_indicator,700,treatment,checkout,2026-03-11 23:52:00
701,checkout_progress_indicator,701,control,checkout,2026-03-10 12:38:00
702,checkout_progress_indicator,702,control,checkout,2026-03-14 22:16:00
703,checkout_progress_indicator,703,control,checkout,2026-03-12 20:33:00
704,checkout_progress_indicator,704,control,checkout,2026-03-13 02:10:00
705,checkout_progress_indicator,705,control,checkout,2026-03-02 09:38:00
706,checkout_progress_indicator,706,control,checkout,2026-03-01 07:57:00
707,checkout_progress_indicator,707,control,checkout,2026-03-14 10:55:00
708,checkout_progress_indicator,708,treatment,checkout,2026-03-04 12:25:00
709,checkout_progress_indicator,709,control,checkout,2026-03-06 23:16:00
710,checkout_progress_indicator,710,control,checkout,2026-03-01 14:33:00
711,checkout_progress_indicator,711,control,checkout,2026-03-09 17:20:00
712,checkout_progress_indicator,712,control,checkout,2026-03-12 11:46:00
713,checkout_progress_indicator,713,treatment,checkout,2026-03-12 18:49:00
714,checkout_progress_indicator,714,treatment,checkout,2026-03-09 03:21:00
715,checkout_progress_indicator,715,control,checkout,2026-03-10 06:12:00
716,checkout_progress_indicator,716,control,checkout,2026-03-08 04:36:00
717,checkout_progress_indicator,717,control,checkout,2026-03-07 05:54:00
718,checkout_progress_indicator,718,control,checkout,2026-03-08 18:17:00
719,checkout_progress_indicator,719,control,checkout,2026-03-14 02:27:00
720,checkout_progress_indicator,720,control,checkout,2026-03-04 12:49:00
721,checkout_progress_indicator,721,control,checkout,2026-03-07 13:59:00
722,checkout_progress_indicator,722,treatment,checkout,2026-03-09 10:09:00
723,checkout_progress_indicator,723,control,checkout,2026-03-08 23:34:00
724,checkout_progress_indicator,724,control,checkout,2026-03-01 10:18:00
725,checkout_progress_indicator,725,control,checkout,2026-03-05 00:32:00
726,checkout_progress_indicator,726,control,checkout,2026-03-10 01:03:00
727,checkout_progress_indicator,727,control,checkout,2026-03-10 17:12:00
728,checkout_progress_indicator,728,control,checkout,2026-03-11 06:46:00
729,checkout_progress_indicator,729,control,checkout,2026-03-14 21:06:00
730,checkout_progress_indicator,730,control,checkout,2026-03-10 10:08:00
731,checkout_progress_indicator,731,treatment,checkout,2026-03-09 02:46:00
732,checkout_progress_indicator,732,treatment,checkout,2026-03-05 15:35:00
733,checkout_progress_indicator,733,control,checkout,2026-03-06 04:27:00
734,checkout_progress_indicator,734,control,checkout,2026-03-12 13:37:00
735,checkout_progress_indicator,735,treatment,checkout,2026-03-07 13:29:00
736,checkout_progress_indicator,736,treatment,checkout,2026-03-11 00:25:00
737,checkout_progress_indicator,737,control,checkout,2026-03-02 17:42:00
738,checkout_progress_indicator,738,control,checkout,2026-03-02 19:06:00
739,checkout_progress_indicator,739,control,checkout,2026-03-04 00:23:00
740,checkout_progress_indicator,740,treatment,checkout,2026-03-03 17:34:00
741,checkout_progress_indicator,741,control,checkout,2026-03-09 11:56:00
742,checkout_progress_indicator,742,control,checkout,2026-03-09 22:04:00
743,checkout_progress_indicator,743,control,checkout,2026-03-08 19:27:00
744,checkout_progress_indicator,744,control,checkout,2026-03-05 01:14:00
745,checkout_progress_indicator,745,control,checkout,2026-03-09 01:45:00
746,checkout_progress_indicator,746,treatment,checkout,2026-03-02 16:07:00
747,checkout_progress_indicator,747,treatment,checkout,2026-03-07 14:52:00
748,checkout_progress_indicator,748,control,checkout,2026-03-03 04:04:00
749,checkout_progress_indicator,749,control,checkout,2026-03-02 01:47:00
750,checkout_progress_indicator,750,treatment,checkout,2026-03-03 07:38:00
751,checkout_progress_indicator,751,control,checkout,2026-03-02 13:20:00
752,checkout_progress_indicator,752,control,checkout,2026-03-07 16:32:00
753,checkout_progress_indicator,753,control,checkout,2026-03-08 15:23:00
754,checkout_progress_indicator,754,treatment,checkout,2026-03-09 12:04:00
755,checkout_progress_indicator,755,treatment,checkout,2026-03-07 03:44:00
756,checkout_progress_indicator,756,treatment,checkout,2026-03-03 11:16:00
757,checkout_progress_indicator,757,treatment,checkout,2026-03-01 07:01:00
758,checkout_progress_indicator,758,control,checkout,2026-03-10 23:23:00
759,checkout_progress_indicator,759,control,checkout,2026-03-14 18:12:00
760,checkout_progress_indicator,760,control,checkout,2026-03-04 22:25:00
761,checkout_progress_indicator,761,treatment,checkout,2026-03-03 20:46:00
762,checkout_progress_indicator,762,treatment,checkout,2026-03-05 08:41:00
763,checkout_progress_indicator,763,control,checkout,2026-03-04 00:02:00
764,checkout_progress_indicator,764,treatment,checkout,2026-03-04 03:05:00
765,checkout_progress_indicator,765,control,checkout,2026-03-07 22:09:00
766,checkout_progress_indicator,766,control,checkout,2026-03-11 23:49:00
767,checkout_progress_indicator,767,control,checkout,2026-03-10 23:19:00
768,checkout_progress_indicator,768,treatment,checkout,2026-03-14 10:29:00
769,checkout_progress_indicator,769,treatment,checkout,2026-03-06 00:04:00
770,checkout_progress_indicator,770,control,checkout,2026-03-07 21:28:00
771,checkout_progress_indicator,771,treatment,checkout,2026-03-06 07:47:00
772,checkout_progress_indicator,772,treatment,checkout,2026-03-01 14:07:00
773,checkout_progress_indicator,773,treatment,checkout,2026-03-06 10:32:00
774,checkout_progress_indicator,774,treatment,checkout,2026-03-04 15:33:00
775,checkout_progress_indicator,775,control,checkout,2026-03-07 16:51:00
776,checkout_progress_indicator,776,treatment,checkout,2026-03-03 05:06:00
777,checkout_progress_indicator,777,treatment,checkout,2026-03-11 09:11:00
778,checkout_progress_indicator,778,treatment,checkout,2026-03-12 19:10:00
779,checkout_progress_indicator,779,control,checkout,2026-03-14 10:49:00
780,checkout_progress_indicator,780,treatment,checkout,2026-03-02 04:30:00
781,checkout_progress_indicator,781,treatment,checkout,2026-03-02 15:31:00
782,checkout_progress_indicator,782,control,checkout,2026-03-14 12:44:00
783,checkout_progress_indicator,783,treatment,checkout,2026-03-12 21:00:00
784,checkout_progress_indicator,784,control,checkout,2026-03-09 05:44:00
785,checkout_progress_indicator,785,control,checkout,2026-03-05 12:02:00
786,checkout_progress_indicator,786,control,checkout,2026-03-08 05:57:00
787,checkout_progress_indicator,787,treatment,checkout,2026-03-08 11:58:00
788,checkout_progress_indicator,788,treatment,checkout,2026-03-12 20:42:00
789,checkout_progress_indicator,789,control,checkout,2026-03-08 09:52:00
790,checkout_progress_indicator,790,treatment,checkout,2026-03-01 09:15:00
791,checkout_progress_indicator,791,control,checkout,2026-03-10 19:03:00
792,checkout_progress_indicator,792,control,checkout,2026-03-11 21:07:00
793,checkout_progress_indicator,793,treatment,checkout,2026-03-05 04:09:00
794,checkout_progress_indicator,794,treatment,checkout,2026-03-02 15:10:00
795,checkout_progress_indicator,795,treatment,checkout,2026-03-02 23:46:00
796,checkout_progress_indicator,796,treatment,checkout,2026-03-12 18:30:00
797,checkout_progress_indicator,797,treatment,checkout,2026-03-07 06:22:00
798,checkout_progress_indicator,798,control,checkout,2026-03-08 09:48:00
799,checkout_progress_indicator,799,control,checkout,2026-03-14 10:46:00
800,checkout_progress_indicator,800,control,checkout,2026-03-01 20:32:00
801,checkout_progress_indicator,801,treatment,checkout,2026-03-03 21:11:00
802,checkout_progress_indicator,802,treatment,checkout,2026-03-12 15:58:00
803,checkout_progress_indicator,803,treatment,checkout,2026-03-08 13:29:00
804,checkout_progress_indicator,804,control,checkout,2026-03-01 09:10:00
805,checkout_progress_indicator,805,control,checkout,2026-03-10 20:10:00
806,checkout_progress_indicator,806,treatment,checkout,2026-03-02 22:29:00
807,checkout_progress_indicator,807,treatment,checkout,2026-03-11 22:48:00
808,checkout_progress_indicator,808,control,checkout,2026-03-12 04:04:00
809,checkout_progress_indicator,809,control,checkout,2026-03-12 13:00:00
810,checkout_progress_indicator,810,control,checkout,2026-03-07 12:11:00
811,checkout_progress_indicator,811,control,checkout,2026-03-04 17:59:00
812,checkout_progress_indicator,812,control,checkout,2026-03-13 08:08:00
813,checkout_progress_indicator,813,control,checkout,2026-03-08 19:44:00
814,checkout_progress_indicator,814,treatment,checkout,2026-03-09 21:30:00
815,checkout_progress_indicator,815,control,checkout,2026-03-02 21:52:00
816,checkout_progress_indicator,816,control,checkout,2026-03-09 17:30:00
817,checkout_progress_indicator,817,control,checkout,2026-03-09 02:54:00
818,checkout_progress_indicator,818,treatment,checkout,2026-03-05 02:11:00
819,checkout_progress_indicator,819,control,checkout,2026-03-11 17:39:00
820,checkout_progress_indicator,820,control,checkout,2026-03-02 20:54:00
821,checkout_progress_indicator,821,control,checkout,2026-03-11 01:42:00
822,checkout_progress_indicator,822,treatment,checkout,2026-03-14 10:57:00
823,checkout_progress_indicator,823,treatment,checkout,2026-03-08 22:35:00
824,checkout_progress_indicator,824,control,checkout,2026-03-02 11:12:00
825,checkout_progress_indicator,825,control,checkout,2026-03-08 17:54:00
826,checkout_progress_indicator,826,control,checkout,2026-03-08 09:44:00
827,checkout_progress_indicator,827,treatment,checkout,2026-03-08 17:32:00
828,checkout_progress_indicator,828,treatment,checkout,2026-03-04 19:34:00
829,checkout_progress_indicator,829,control,checkout,2026-03-09 18:21:00
830,checkout_progress_indicator,830,control,checkout,2026-03-04 16:45:00
831,checkout_progress_indicator,831,treatment,checkout,2026-03-08 19:26:00
832,checkout_progress_indicator,832,treatment,checkout,2026-03-09 07:46:00
833,checkout_progress_indicator,833,control,checkout,2026-03-10 01:00:00
834,checkout_progress_indicator,834,control,checkout,2026-03-12 04:06:00
835,checkout_progress_indicator,835,control,checkout,2026-03-13 08:31:00
836,checkout_progress_indicator,836,treatment,checkout,2026-03-11 21:07:00
837,checkout_progress_indicator,837,treatment,checkout,2026-03-12 03:24:00
838,checkout_progress_indicator,838,treatment,checkout,2026-03-13 03:55:00
839,checkout_progress_indicator,839,treatment,checkout,2026-03-04 09:28:00
840,checkout_progress_indicator,840,control,checkout,2026-03-05 02:24:00
841,checkout_progress_indicator,841,control,checkout,2026-03-08 11:06:00
842,checkout_progress_indicator,842,control,checkout,2026-03-07 12:29:00
843,checkout_progress_indicator,843,treatment,checkout,2026-03-10 19:54:00
844,checkout_progress_indicator,844,treatment,checkout,2026-03-01 03:08:00
845,checkout_progress_indicator,845,control,checkout,2026-03-02 22:41:00
846,checkout_progress_indicator,846,control,checkout,2026-03-11 10:56:00
847,checkout_progress_indicator,847,treatment,checkout,2026-03-12 12:10:00
848,checkout_progress_indicator,848,treatment,checkout,2026-03-05 05:35:00
849,checkout_progress_indicator,849,treatment,checkout,2026-03-05 08:28:00
850,checkout_progress_indicator,850,control,checkout,2026-03-08 20:39:00
851,checkout_progress_indicator,851,treatment,checkout,2026-03-07 16:18:00
852,checkout_progress_indicator,852,treatment,checkout,2026-03-03 08:53:00
853,checkout_progress_indicator,853,treatment,checkout,2026-03-08 00:09:00
854,checkout_progress_indicator,854,treatment,checkout,2026-03-12 11:19:00
855,checkout_progress_indicator,855,treatment,checkout,2026-03-11 05:07:00
856,checkout_progress_indicator,856,treatment,checkout,2026-03-12 10:36:00
857,checkout_progress_indicator,857,treatment,checkout,2026-03-10 00:19:00
858,checkout_progress_indicator,858,control,checkout,2026-03-13 06:49:00
859,checkout_progress_indicator,859,control,checkout,2026-03-04 11:56:00
860,checkout_progress_indicator,860,treatment,checkout,2026-03-01 15:26:00
861,checkout_progress_indicator,861,treatment,checkout,2026-03-02 14:19:00
862,checkout_progress_indicator,862,control,checkout,2026-03-14 21:27:00
863,checkout_progress_indicator,863,control,checkout,2026-03-09 23:12:00
864,checkout_progress_indicator,864,treatment,checkout,2026-03-04 11:15:00
865,checkout_progress_indicator,865,treatment,checkout,2026-03-12 22:58:00
866,checkout_progress_indicator,866,treatment,checkout,2026-03-05 07:58:00
867,checkout_progress_indicator,867,control,checkout,2026-03-09 08:41:00
868,checkout_progress_indicator,868,treatment,checkout,2026-03-04 11:46:00
869,checkout_progress_indicator,869,treatment,checkout,2026-03-02 07:52:00
870,checkout_progress_indicator,870,control,checkout,2026-03-04 17:53:00
871,checkout_progress_indicator,871,control,checkout,2026-03-04 04:39:00
872,checkout_progress_indicator,872,treatment,checkout,2026-03-08 17:41:00
873,checkout_progress_indicator,873,control,checkout,2026-03-01 06:57:00
874,checkout_progress_indicator,874,treatment,checkout,2026-03-04 08:34:00
875,checkout_progress_indicator,875,treatment,checkout,2026-03-08 22:46:00
876,checkout_progress_indicator,876,treatment,checkout,2026-03-06 12:18:00
877,checkout_progress_indicator,877,control,checkout,2026-03-09 21:40:00
878,checkout_progress_indicator,878,treatment,checkout,2026-03-10 04:17:00
879,checkout_progress_indicator,879,control,checkout,2026-03-14 12:21:00
880,checkout_progress_indicator,880,treatment,checkout,2026-03-12 16:54:00
881,checkout_progress_indicator,881,control,checkout,2026-03-04 04:40:00
882,checkout_progress_indicator,882,treatment,checkout,2026-03-10 16:45:00
883,checkout_progress_indicator,883,treatment,checkout,2026-03-09 18:45:00
884,checkout_progress_indicator,884,control,checkout,2026-03-09 07:41:00
885,checkout_progress_indicator,885,control,checkout,2026-03-12 04:27:00
886,checkout_progress_indicator,886,treatment,checkout,2026-03-03 01:38:00
887,checkout_progress_indicator,887,control,checkout,2026-03-06 06:03:00
888,checkout_progress_indicator,888,control,checkout,2026-03-12 10:12:00
889,checkout_progress_indicator,889,control,checkout,2026-03-13 11:46:00
890,checkout_progress_indicator,890,treatment,checkout,2026-03-01 12:31:00
891,checkout_progress_indicator,891,treatment,checkout,2026-03-07 14:24:00
892,checkout_progress_indicator,892,control,checkout,2026-03-04 16:46:00
893,checkout_progress_indicator,893,treatment,checkout,2026-03-03 08:25:00
894,checkout_progress_indicator,894,control,checkout,2026-03-01 19:10:00
895,checkout_progress_indicator,895,control,checkout,2026-03-08 12:47:00
896,checkout_progress_indicator,896,control,checkout,2026-03-10 08:15:00
897,checkout_progress_indicator,897,control,checkout,2026-03-08 10:30:00
898,checkout_progress_indicator,898,control,checkout,2026-03-06 03:46:00
899,checkout_progress_indicator,899,treatment,checkout,2026-03-11 19:09:00
900,checkout_progress_indicator,900,control,checkout,2026-03-10 03:05:00
901,checkout_progress_indicator,901,treatment,checkout,2026-03-13 17:13:00
902,checkout_progress_indicator,902,control,checkout,2026-03-05 20:36:00
903,checkout_progress_indicator,903,control,checkout,2026-03-04 08:17:00
904,checkout_progress_indicator,904,control,checkout,2026-03-07 09:07:00
905,checkout_progress_indicator,905,treatment,checkout,2026-03-08 02:18:00
906,checkout_progress_indicator,906,treatment,checkout,2026-03-07 09:52:00
907,checkout_progress_indicator,907,control,checkout,2026-03-12 15:41:00
908,checkout_progress_indicator,908,control,checkout,2026-03-01 15:18:00
909,checkout_progress_indicator,909,control,checkout,2026-03-08 09:19:00
910,checkout_progress_indicator,910,treatment,checkout,2026-03-07 00:33:00
911,checkout_progress_indicator,911,control,checkout,2026-03-03 22:51:00
912,checkout_progress_indicator,912,treatment,checkout,2026-03-09 23:23:00
913,checkout_progress_indicator,913,control,checkout,2026-03-12 05:14:00
914,checkout_progress_indicator,914,control,checkout,2026-03-08 15:28:00
915,checkout_progress_indicator,915,treatment,checkout,2026-03-02 04:32:00
916,checkout_progress_indicator,916,control,checkout,2026-03-02 01:17:00
917,checkout_progress_indicator,917,control,checkout,2026-03-06 21:40:00
918,checkout_progress_indicator,918,treatment,checkout,2026-03-10 08:28:00
919,checkout_progress_indicator,919,control,checkout,2026-03-05 09:20:00
920,checkout_progress_indicator,920,control,checkout,2026-03-05 07:46:00
921,checkout_progress_indicator,921,control,checkout,2026-03-13 00:59:00
922,checkout_progress_indicator,922,control,checkout,2026-03-01 04:51:00
923,checkout_progress_indicator,923,treatment,checkout,2026-03-02 02:47:00
924,checkout_progress_indicator,924,control,checkout,2026-03-03 04:16:00
925,checkout_progress_indicator,925,treatment,checkout,2026-03-14 18:29:00
926,checkout_progress_indicator,926,treatment,checkout,2026-03-07 23:10:00
927,checkout_progress_indicator,927,treatment,checkout,2026-03-03 05:11:00
928,checkout_progress_indicator,928,treatment,checkout,2026-03-05 08:17:00
929,checkout_progress_indicator,929,treatment,checkout,2026-03-14 13:43:00
930,checkout_progress_indicator,930,treatment,checkout,2026-03-10 17:18:00
931,checkout_progress_indicator,931,control,checkout,2026-03-04 03:09:00
932,checkout_progress_indicator,932,control,checkout,2026-03-04 08:51:00
933,checkout_progress_indicator,933,treatment,checkout,2026-03-02 01:11:00
934,checkout_progress_indicator,934,control,checkout,2026-03-11 19:39:00
935,checkout_progress_indicator,935,treatment,checkout,2026-03-02 22:10:00
936,checkout_progress_indicator,936,control,checkout,2026-03-05 00:15:00
937,checkout_progress_indicator,937,treatment,checkout,2026-03-05 21:03:00
938,checkout_progress_indicator,938,control,checkout,2026-03-09 16:36:00
939,checkout_progress_indicator,939,treatment,checkout,2026-03-09 11:43:00
940,checkout_progress_indicator,940,control,checkout,2026-03-12 04:32:00
941,checkout_progress_indicator,941,control,checkout,2026-03-05 03:52:00
942,checkout_progress_indicator,942,treatment,checkout,2026-03-06 09:32:00
943,checkout_progress_indicator,943,treatment,checkout,2026-03-06 10:34:00
944,checkout_progress_indicator,944,treatment,checkout,2026-03-01 15:43:00
945,checkout_progress_indicator,945,treatment,checkout,2026-03-11 07:49:00
946,checkout_progress_indicator,946,control,checkout,2026-03-08 11:54:00
947,checkout_progress_indicator,947,treatment,checkout,2026-03-07 15:49:00
948,checkout_progress_indicator,948,control,checkout,2026-03-14 22:27:00
949,checkout_progress_indicator,949,treatment,checkout,2026-03-03 12:05:00
950,checkout_progress_indicator,950,control,checkout,2026-03-14 13:34:00
951,checkout_progress_indicator,951,control,checkout,2026-03-10 12:36:00
952,checkout_progress_indicator,952,treatment,checkout,2026-03-04 02:15:00
953,checkout_progress_indicator,953,treatment,checkout,2026-03-10 11:58:00
954,checkout_progress_indicator,954,control,checkout,2026-03-11 13:54:00
955,checkout_progress_indicator,955,treatment,checkout,2026-03-06 01:47:00
956,checkout_progress_indicator,956,treatment,checkout,2026-03-05 19:54:00
957,checkout_progress_indicator,957,control,checkout,2026-03-12 16:37:00
958,checkout_progress_indicator,958,treatment,checkout,2026-03-03 05:51:00
959,checkout_progress_indicator,959,control,checkout,2026-03-01 04:28:00
960,checkout_progress_indicator,960,control,checkout,2026-03-10 07:44:00
961,checkout_progress_indicator,961,treatment,checkout,2026-03-13 16:35:00
962,checkout_progress_indicator,962,control,checkout,2026-03-08 00:17:00
963,checkout_progress_indicator,963,control,checkout,2026-03-02 21:21:00
964,checkout_progress_indicator,964,treatment,checkout,2026-03-08 13:10:00
965,checkout_progress_indicator,965,control,checkout,2026-03-04 12:37:00
966,checkout_progress_indicator,966,treatment,checkout,2026-03-12 14:00:00
967,checkout_progress_indicator,967,treatment,checkout,2026-03-09 13:40:00
968,checkout_progress_indicator,968,control,checkout,2026-03-05 17:04:00
969,checkout_progress_indicator,969,treatment,checkout,2026-03-09 17:51:00
970,checkout_progress_indicator,970,control,checkout,2026-03-10 08:08:00
971,checkout_progress_indicator,971,treatment,checkout,2026-03-10 12:03:00
972,checkout_progress_indicator,972,control,checkout,2026-03-06 03:02:00
973,checkout_progress_indicator,973,treatment,checkout,2026-03-08 23:43:00
974,checkout_progress_indicator,974,control,checkout,2026-03-01 14:21:00
975,checkout_progress_indicator,975,treatment,checkout,2026-03-06 15:35:00
976,checkout_progress_indicator,976,control,checkout,2026-03-06 07:00:00
977,checkout_progress_indicator,977,control,checkout,2026-03-08 11:39:00
978,checkout_progress_indicator,978,control,checkout,2026-03-14 07:12:00
979,checkout_progress_indicator,979,treatment,checkout,2026-03-14 08:23:00
980,checkout_progress_indicator,980,treatment,checkout,2026-03-07 18:22:00
981,checkout_progress_indicator,981,control,checkout,2026-03-10 01:06:00
982,checkout_progress_indicator,982,control,checkout,2026-03-02 12:21:00
983,checkout_progress_indicator,983,control,checkout,2026-03-07 18:02:00
984,checkout_progress_indicator,984,control,checkout,2026-03-10 15:06:00
985,checkout_progress_indicator,985,treatment,checkout,2026-03-10 13:25:00
986,checkout_progress_indicator,986,treatment,checkout,2026-03-14 11:41:00
987,checkout_progress_indicator,987,treatment,checkout,2026-03-07 12:39:00
988,checkout_progress_indicator,988,control,checkout,2026-03-13 17:04:00
989,checkout_progress_indicator,989,control,checkout,2026-03-14 16:50:00
990,checkout_progress_indicator,990,treatment,checkout,2026-03-09 00:10:00
991,checkout_progress_indicator,991,control,checkout,2026-03-02 06:44:00
992,checkout_progress_indicator,992,treatment,checkout,2026-03-06 06:25:00
993,checkout_progress_indicator,993,control,checkout,2026-03-11 16:56:00
994,checkout_progress_indicator,994,control,checkout,2026-03-09 03:06:00
995,checkout_progress_indicator,995,treatment,checkout,2026-03-14 02:36:00
996,checkout_progress_indicator,996,control,checkout,2026-03-12 10:09:00
997,checkout_progress_indicator,997,treatment,checkout,2026-03-01 21:14:00
998,checkout_progress_indicator,998,control,checkout,2026-03-13 01:22:00
999,checkout_progress_indicator,999,control,checkout,2026-03-06 00:04:00
1000,checkout_progress_indicator,1000,control,checkout,2026-03-12 11:07:00
